complexity_score,admitted
0.0,17.622814225231735
1.0,36.57042104726308
2.0,47.37205834212345
3.0,61.46507173575223
4.0,69.07809747504405
5.0,70.59593975114605
